Model,R2,MAE,RMSE
XGBoost,0.8913276195526123,146.90574645996094,274.1515462522508
RandomForest,0.8905054250803658,144.4487429283305,275.1866521761022
LightGBM,0.8909166943944246,146.71959397500393,274.66935577166566
