material_id,year,month,historical_demand,project_count,avg_consumption_rate,current_stock,lead_time_days,season,weather_index,demand_lag_1,stock_coverage_days,lead_time_risk,target_demand
0,2024,2,195,3,6.5,4278,45,1,0.1944369793624172,180.0,658.1538461538462,292.5,210.0
0,2024,3,210,4,7.0,3181,45,0,0.7449187519838207,195.0,454.4285714285714,315.0,225.0
0,2024,4,225,4,7.5,3273,45,0,0.7558532997542946,210.0,436.4,337.5,240.0
0,2024,5,240,5,8.0,2949,45,0,0.4557214012037529,225.0,368.625,360.0,260.0
